File,Line,Column,DefaultLevel,Level,Category,Name,Warning,Suggestion,Note,CWEs,Context,Fingerprint,ToolVersion,RuleId,HelpUri
./winget-cli/src/AppInstallerCLICore/Command.cpp,31,21,4,4,shell,ShellExecute,This causes a new program to execute and is difficult to use safely (CWE-78).,try using a library call that implements the same functionality if available.,,CWE-78,"                    ShellExecute(NULL, NULL, Runtime::GetPathTo(Runtime::PathName::DefaultLogLocation).wstring().c_str(), NULL, NULL, SW_SHOWNORMAL);",dd36eacd4feebea4874dbfd2dd2ed5205c7cbcb5432faad69acdcb72d4f01ef9,2.0.19,FF1043,https://cwe.mitre.org/data/definitions/78.html
./winget-cli/src/AppInstallerCLICore/Commands/RootCommand.cpp,251,13,4,4,shell,ShellExecute,This causes a new program to execute and is difficult to use safely (CWE-78).,try using a library call that implements the same functionality if available.,,CWE-78,"            ShellExecute(NULL, NULL, Runtime::GetPathTo(Runtime::PathName::DefaultLogLocation).wstring().c_str(), NULL, NULL, SW_SHOWNORMAL);",dd36eacd4feebea4874dbfd2dd2ed5205c7cbcb5432faad69acdcb72d4f01ef9,2.0.19,FF1043,https://cwe.mitre.org/data/definitions/78.html
./winget-cli/src/AppInstallerCLITests/ManifestComparator.cpp,871,30,4,4,shell,system,This causes a new program to execute and is difficult to use safely (CWE-78).,try using a library call that implements the same functionality if available.,,CWE-78,"    RequireInstaller(result, system);",bd9c2a3b12fc3edf50594d6f1e8a21dc257f9fd24120a2295f3084bd4a57569c,2.0.19,FF1044,https://cwe.mitre.org/data/definitions/78.html
./winget-cli/src/AppInstallerRepositoryCore/Microsoft/ARPHelper.cpp,170,21,4,4,race,access,"This usually indicates a security flaw.  If an attacker can change anything along the path between the call to access() and the file's actual use (e.g., by moving files), the attacker can exploit the race condition (CWE-362/CWE-367!).","Set up the correct permissions (e.g., using setuid()) and try to open the file directly.",,CWE-362/CWE-367!,                    access |= KEY_WOW64_32KEY;,d2b0a73fbedfa6758e3955a0c49f34699d132fada89f7577d1824e2a090fa545,2.0.19,FF1030,https://cwe.mitre.org/data/definitions/362.htmlhttps://cwe.mitre.org/data/definitions/367.html
./winget-cli/src/AppInstallerRepositoryCore/Microsoft/ARPHelper.cpp,175,17,4,4,race,access,"This usually indicates a security flaw.  If an attacker can change anything along the path between the call to access() and the file's actual use (e.g., by moving files), the attacker can exploit the race condition (CWE-362/CWE-367!).","Set up the correct permissions (e.g., using setuid()) and try to open the file directly.",,CWE-362/CWE-367!,                access |= KEY_WOW64_64KEY;,0e35a26c886d23c164546ab3a61992d070dc0ee1bf1bc8afb13506d175b14dc3,2.0.19,FF1030,https://cwe.mitre.org/data/definitions/362.htmlhttps://cwe.mitre.org/data/definitions/367.html
./winget-cli/src/AppInstallerRepositoryCore/Microsoft/ARPHelper.cpp,198,21,4,4,race,access,"This usually indicates a security flaw.  If an attacker can change anything along the path between the call to access() and the file's actual use (e.g., by moving files), the attacker can exploit the race condition (CWE-362/CWE-367!).","Set up the correct permissions (e.g., using setuid()) and try to open the file directly.",,CWE-362/CWE-367!,                    access |= KEY_WOW64_32KEY;,d2b0a73fbedfa6758e3955a0c49f34699d132fada89f7577d1824e2a090fa545,2.0.19,FF1030,https://cwe.mitre.org/data/definitions/362.htmlhttps://cwe.mitre.org/data/definitions/367.html
./winget-cli/src/AppInstallerRepositoryCore/Microsoft/ARPHelper.cpp,204,17,4,4,race,access,"This usually indicates a security flaw.  If an attacker can change anything along the path between the call to access() and the file's actual use (e.g., by moving files), the attacker can exploit the race condition (CWE-362/CWE-367!).","Set up the correct permissions (e.g., using setuid()) and try to open the file directly.",,CWE-362/CWE-367!,                access |= KEY_WOW64_64KEY;,0e35a26c886d23c164546ab3a61992d070dc0ee1bf1bc8afb13506d175b14dc3,2.0.19,FF1030,https://cwe.mitre.org/data/definitions/362.htmlhttps://cwe.mitre.org/data/definitions/367.html
./winget-cli/src/AppInstallerRepositoryCore/Microsoft/ARPHelper.cpp,213,72,4,4,race,access,"This usually indicates a security flaw.  If an attacker can change anything along the path between the call to access() and the file's actual use (e.g., by moving files), the attacker can exploit the race condition (CWE-362/CWE-367!).","Set up the correct permissions (e.g., using setuid()) and try to open the file directly.",,CWE-362/CWE-367!,"            return Registry::Key::OpenIfExists(rootKey, SubKeyPath, 0, access);",bc79bd80a461b68ba7d5f258e87868777c36d14c9c202eecdc1cca9c92dcb6a5,2.0.19,FF1030,https://cwe.mitre.org/data/definitions/362.htmlhttps://cwe.mitre.org/data/definitions/367.html
./winget-cli/src/AppInstallerSharedLib/Public/winget/Registry.h,231,59,4,4,race,access,"This usually indicates a security flaw.  If an attacker can change anything along the path between the call to access() and the file's actual use (e.g., by moving files), the attacker can exploit the race condition (CWE-362/CWE-367!).","Set up the correct permissions (e.g., using setuid()) and try to open the file directly.",,CWE-362/CWE-367!,"            SubKeyRef(const wil::shared_hkey& key, REGSAM access);",260a2a1b42005b2c33e6afb29f88ad5015ed6b9f78e12f1daea7d41bb3a4e14b,2.0.19,FF1030,https://cwe.mitre.org/data/definitions/362.htmlhttps://cwe.mitre.org/data/definitions/367.html
./winget-cli/src/AppInstallerSharedLib/Public/winget/Registry.h,259,64,4,4,race,access,"This usually indicates a security flaw.  If an attacker can change anything along the path between the call to access() and the file's actual use (e.g., by moving files), the attacker can exploit the race condition (CWE-362/CWE-367!).","Set up the correct permissions (e.g., using setuid()) and try to open the file directly.",,CWE-362/CWE-367!,"            const_iterator(const wil::shared_hkey& key, REGSAM access);",313ff4cb035a82089113b11696df27e0f50ec33fc65b6c70d9b10b253af0ddfc,2.0.19,FF1030,https://cwe.mitre.org/data/definitions/362.htmlhttps://cwe.mitre.org/data/definitions/367.html
./winget-cli/src/AppInstallerSharedLib/Public/winget/Registry.h,305,85,4,4,race,access,"This usually indicates a security flaw.  If an attacker can change anything along the path between the call to access() and the file's actual use (e.g., by moving files), the attacker can exploit the race condition (CWE-362/CWE-367!).","Set up the correct permissions (e.g., using setuid()) and try to open the file directly.",,CWE-362/CWE-367!,"        bool Initialize(HKEY key, const std::wstring& subKey, DWORD options, REGSAM access, bool ignoreErrorIfDoesNotExist);",bad9ada14dbadebadd2070247cb24728b14c6e408de1ee15921974055d8999bb,2.0.19,FF1030,https://cwe.mitre.org/data/definitions/362.htmlhttps://cwe.mitre.org/data/definitions/367.html
./winget-cli/src/AppInstallerSharedLib/Public/winget/Registry.h,308,88,4,4,race,access,"This usually indicates a security flaw.  If an attacker can change anything along the path between the call to access() and the file's actual use (e.g., by moving files), the attacker can exploit the race condition (CWE-362/CWE-367!).","Set up the correct permissions (e.g., using setuid()) and try to open the file directly.",,CWE-362/CWE-367!,"        bool CreateAndOpen(HKEY key, const std::wstring& subKey, DWORD options, REGSAM access);",f7eeb5b6099a5638db7876e80973a296dffdc7b776431382a32261685b83756e,2.0.19,FF1030,https://cwe.mitre.org/data/definitions/362.htmlhttps://cwe.mitre.org/data/definitions/367.html
./winget-cli/src/AppInstallerSharedLib/Registry.cpp,296,71,4,4,race,access,"This usually indicates a security flaw.  If an attacker can change anything along the path between the call to access() and the file's actual use (e.g., by moving files), the attacker can exploit the race condition (CWE-362/CWE-367!).","Set up the correct permissions (e.g., using setuid()) and try to open the file directly.",,CWE-362/CWE-367!,"    Key::Key(HKEY key, std::string_view subKey, DWORD options, REGSAM access)",7ef292d7b60f99010e1719b3f441f55738dccf3bbeae0e3957b5c4a6697a73f6,2.0.19,FF1030,https://cwe.mitre.org/data/definitions/362.htmlhttps://cwe.mitre.org/data/definitions/367.html
./winget-cli/src/AppInstallerSharedLib/Registry.cpp,298,67,4,4,race,access,"This usually indicates a security flaw.  If an attacker can change anything along the path between the call to access() and the file's actual use (e.g., by moving files), the attacker can exploit the race condition (CWE-362/CWE-367!).","Set up the correct permissions (e.g., using setuid()) and try to open the file directly.",,CWE-362/CWE-367!,"        Initialize(key, Utility::ConvertToUTF16(subKey), options, access, false);",157779fa40d7f283e0fc5fbaeabf6c8fae3c8ca0c9376ea90dd83a032b65ca5c,2.0.19,FF1030,https://cwe.mitre.org/data/definitions/362.htmlhttps://cwe.mitre.org/data/definitions/367.html
./winget-cli/src/AppInstallerSharedLib/Registry.cpp,301,74,4,4,race,access,"This usually indicates a security flaw.  If an attacker can change anything along the path between the call to access() and the file's actual use (e.g., by moving files), the attacker can exploit the race condition (CWE-362/CWE-367!).","Set up the correct permissions (e.g., using setuid()) and try to open the file directly.",,CWE-362/CWE-367!,"    Key::Key(HKEY key, const std::wstring& subKey, DWORD options, REGSAM access)",8f99ec8f35c7b1554e4fe1d6644567f411f74d805bc772e02489aaf86f14b959,2.0.19,FF1030,https://cwe.mitre.org/data/definitions/362.htmlhttps://cwe.mitre.org/data/definitions/367.html
./winget-cli/src/AppInstallerSharedLib/Registry.cpp,303,42,4,4,race,access,"This usually indicates a security flaw.  If an attacker can change anything along the path between the call to access() and the file's actual use (e.g., by moving files), the attacker can exploit the race condition (CWE-362/CWE-367!).","Set up the correct permissions (e.g., using setuid()) and try to open the file directly.",,CWE-362/CWE-367!,"        Initialize(key, subKey, options, access, false);",309c7087c1fea0909f3b604748eaab71849055db63b2b290d281e89ad67b6954,2.0.19,FF1030,https://cwe.mitre.org/data/definitions/362.htmlhttps://cwe.mitre.org/data/definitions/367.html
./winget-cli/src/AppInstallerSharedLib/Registry.cpp,316,67,4,4,race,access,"This usually indicates a security flaw.  If an attacker can change anything along the path between the call to access() and the file's actual use (e.g., by moving files), the attacker can exploit the race condition (CWE-362/CWE-367!).","Set up the correct permissions (e.g., using setuid()) and try to open the file directly.",,CWE-362/CWE-367!,"    Key::SubKeyRef::SubKeyRef(const wil::shared_hkey& key, REGSAM access) :",f55993e2a87eb177fc4a456e0296918e2f6f05cd9dad5a78ac8e46727a1fc5ef,2.0.19,FF1030,https://cwe.mitre.org/data/definitions/362.htmlhttps://cwe.mitre.org/data/definitions/367.html
./winget-cli/src/AppInstallerSharedLib/Registry.cpp,317,36,4,4,race,access,"This usually indicates a security flaw.  If an attacker can change anything along the path between the call to access() and the file's actual use (e.g., by moving files), the attacker can exploit the race condition (CWE-362/CWE-367!).","Set up the correct permissions (e.g., using setuid()) and try to open the file directly.",,CWE-362/CWE-367!,"        m_parentKey(key), m_access(access), m_subKeyName(64, L'\0')",cd6b3fbc3f4d09ece78da260b552277195448e021111c10ea8fd50489cd0c9b8,2.0.19,FF1030,https://cwe.mitre.org/data/definitions/362.htmlhttps://cwe.mitre.org/data/definitions/367.html
./winget-cli/src/AppInstallerSharedLib/Registry.cpp,397,77,4,4,race,access,"This usually indicates a security flaw.  If an attacker can change anything along the path between the call to access() and the file's actual use (e.g., by moving files), the attacker can exploit the race condition (CWE-362/CWE-367!).","Set up the correct permissions (e.g., using setuid()) and try to open the file directly.",,CWE-362/CWE-367!,"    Key::const_iterator::const_iterator(const wil::shared_hkey& key, REGSAM access) :",85b13d5de98089f2439bcfd18dc527d0bd1b5552e0b5a9490003838dd5ef687a,2.0.19,FF1030,https://cwe.mitre.org/data/definitions/362.htmlhttps://cwe.mitre.org/data/definitions/367.html
./winget-cli/src/AppInstallerSharedLib/Registry.cpp,398,23,4,4,race,access,"This usually indicates a security flaw.  If an attacker can change anything along the path between the call to access() and the file's actual use (e.g., by moving files), the attacker can exploit the race condition (CWE-362/CWE-367!).","Set up the correct permissions (e.g., using setuid()) and try to open the file directly.",,CWE-362/CWE-367!,"        m_subkey(key, access)",f2d626dec076279d2f038d28dc7979b7001cecd26b2b0501197a4d7800229f3b,2.0.19,FF1030,https://cwe.mitre.org/data/definitions/362.htmlhttps://cwe.mitre.org/data/definitions/367.html
./winget-cli/src/AppInstallerSharedLib/Registry.cpp,497,84,4,4,race,access,"This usually indicates a security flaw.  If an attacker can change anything along the path between the call to access() and the file's actual use (e.g., by moving files), the attacker can exploit the race condition (CWE-362/CWE-367!).","Set up the correct permissions (e.g., using setuid()) and try to open the file directly.",,CWE-362/CWE-367!,"    Key Key::OpenIfExists(HKEY key, std::string_view subKey, DWORD options, REGSAM access)",9c13b083ed031044d38f12650a89bb554104c8e0dd2d14fa6a672c0b05f1d7ab,2.0.19,FF1030,https://cwe.mitre.org/data/definitions/362.htmlhttps://cwe.mitre.org/data/definitions/367.html
./winget-cli/src/AppInstallerSharedLib/Registry.cpp,499,76,4,4,race,access,"This usually indicates a security flaw.  If an attacker can change anything along the path between the call to access() and the file's actual use (e.g., by moving files), the attacker can exploit the race condition (CWE-362/CWE-367!).","Set up the correct permissions (e.g., using setuid()) and try to open the file directly.",,CWE-362/CWE-367!,"        return OpenIfExists(key, Utility::ConvertToUTF16(subKey), options, access);",9af983e594958ed6834d4801f2bbfd71b37e11ae9a6e8f87d13b9ae440cb57a0,2.0.19,FF1030,https://cwe.mitre.org/data/definitions/362.htmlhttps://cwe.mitre.org/data/definitions/367.html
./winget-cli/src/AppInstallerSharedLib/Registry.cpp,502,87,4,4,race,access,"This usually indicates a security flaw.  If an attacker can change anything along the path between the call to access() and the file's actual use (e.g., by moving files), the attacker can exploit the race condition (CWE-362/CWE-367!).","Set up the correct permissions (e.g., using setuid()) and try to open the file directly.",,CWE-362/CWE-367!,"    Key Key::OpenIfExists(HKEY key, const std::wstring& subKey, DWORD options, REGSAM access)",f153ca7dd7aca8baf754370ce5a94dd19ee4d0155dcdf581cda4781bde6804d0,2.0.19,FF1030,https://cwe.mitre.org/data/definitions/362.htmlhttps://cwe.mitre.org/data/definitions/367.html
./winget-cli/src/AppInstallerSharedLib/Registry.cpp,505,49,4,4,race,access,"This usually indicates a security flaw.  If an attacker can change anything along the path between the call to access() and the file's actual use (e.g., by moving files), the attacker can exploit the race condition (CWE-362/CWE-367!).","Set up the correct permissions (e.g., using setuid()) and try to open the file directly.",,CWE-362/CWE-367!,"        result.Initialize(key, subKey, options, access, true);",82cc6620298927ad781929754537123ae5321e45bed05e412379b21f4e0b33cb,2.0.19,FF1030,https://cwe.mitre.org/data/definitions/362.htmlhttps://cwe.mitre.org/data/definitions/367.html
./winget-cli/src/AppInstallerSharedLib/Registry.cpp,509,78,4,4,race,access,"This usually indicates a security flaw.  If an attacker can change anything along the path between the call to access() and the file's actual use (e.g., by moving files), the attacker can exploit the race condition (CWE-362/CWE-367!).","Set up the correct permissions (e.g., using setuid()) and try to open the file directly.",,CWE-362/CWE-367!,"    Key Key::Create(HKEY key, std::string_view subKey, DWORD options, REGSAM access)",45b36e10cbc1eb4fe40b3a7d99c3612dea2c89a4875803ae0da8aacd0ae181e4,2.0.19,FF1030,https://cwe.mitre.org/data/definitions/362.htmlhttps://cwe.mitre.org/data/definitions/367.html
./winget-cli/src/AppInstallerSharedLib/Registry.cpp,511,70,4,4,race,access,"This usually indicates a security flaw.  If an attacker can change anything along the path between the call to access() and the file's actual use (e.g., by moving files), the attacker can exploit the race condition (CWE-362/CWE-367!).","Set up the correct permissions (e.g., using setuid()) and try to open the file directly.",,CWE-362/CWE-367!,"        return Create(key, Utility::ConvertToUTF16(subKey), options, access);",0c53f021951e3fc60c6a97cf1d20fecd3466be325bc87be0a13ac3b8759591f6,2.0.19,FF1030,https://cwe.mitre.org/data/definitions/362.htmlhttps://cwe.mitre.org/data/definitions/367.html
./winget-cli/src/AppInstallerSharedLib/Registry.cpp,514,81,4,4,race,access,"This usually indicates a security flaw.  If an attacker can change anything along the path between the call to access() and the file's actual use (e.g., by moving files), the attacker can exploit the race condition (CWE-362/CWE-367!).","Set up the correct permissions (e.g., using setuid()) and try to open the file directly.",,CWE-362/CWE-367!,"    Key Key::Create(HKEY key, const std::wstring& subKey, DWORD options, REGSAM access)",ad8c79880f7b5f297050fd6188d1fa3239ccfa3439b08748a542532888888a5d,2.0.19,FF1030,https://cwe.mitre.org/data/definitions/362.htmlhttps://cwe.mitre.org/data/definitions/367.html
./winget-cli/src/AppInstallerSharedLib/Registry.cpp,517,52,4,4,race,access,"This usually indicates a security flaw.  If an attacker can change anything along the path between the call to access() and the file's actual use (e.g., by moving files), the attacker can exploit the race condition (CWE-362/CWE-367!).","Set up the correct permissions (e.g., using setuid()) and try to open the file directly.",,CWE-362/CWE-367!,"        result.CreateAndOpen(key, subKey, options, access);",98e42bb1b4f0a0e759998054fa47f78d95d21053daa92a7ebc19ab2d4b46a82a,2.0.19,FF1030,https://cwe.mitre.org/data/definitions/362.htmlhttps://cwe.mitre.org/data/definitions/367.html
./winget-cli/src/AppInstallerSharedLib/Registry.cpp,566,89,4,4,race,access,"This usually indicates a security flaw.  If an attacker can change anything along the path between the call to access() and the file's actual use (e.g., by moving files), the attacker can exploit the race condition (CWE-362/CWE-367!).","Set up the correct permissions (e.g., using setuid()) and try to open the file directly.",,CWE-362/CWE-367!,"    bool Key::CreateAndOpen(HKEY key, const std::wstring& subKey, DWORD options, REGSAM access)",7d00a50ab9c16454b1267885c8d50e0f90ae7f2a4cc3ddbc16e27d16f075db23,2.0.19,FF1030,https://cwe.mitre.org/data/definitions/362.htmlhttps://cwe.mitre.org/data/definitions/367.html
./winget-cli/src/AppInstallerSharedLib/Registry.cpp,568,20,4,4,race,access,"This usually indicates a security flaw.  If an attacker can change anything along the path between the call to access() and the file's actual use (e.g., by moving files), the attacker can exploit the race condition (CWE-362/CWE-367!).","Set up the correct permissions (e.g., using setuid()) and try to open the file directly.",,CWE-362/CWE-367!,        m_access = access;,dd53ef672a95b28aa09918b7ee55143818acd7b937cac5b0d55f6ed71a374a59,2.0.19,FF1030,https://cwe.mitre.org/data/definitions/362.htmlhttps://cwe.mitre.org/data/definitions/367.html
./winget-cli/src/AppInstallerSharedLib/Registry.cpp,570,84,4,4,race,access,"This usually indicates a security flaw.  If an attacker can change anything along the path between the call to access() and the file's actual use (e.g., by moving files), the attacker can exploit the race condition (CWE-362/CWE-367!).","Set up the correct permissions (e.g., using setuid()) and try to open the file directly.",,CWE-362/CWE-367!,"        LSTATUS status = RegCreateKeyExW(key, subKey.c_str(), 0, nullptr, options, access, NULL, &m_key, disposition);",6e58ba04d6eebd7fc94cf03b468c0b46e0b7a664ca3c09b1506c820f86ff8e93,2.0.19,FF1030,https://cwe.mitre.org/data/definitions/362.htmlhttps://cwe.mitre.org/data/definitions/367.html
./winget-cli/src/AppInstallerSharedLib/Registry.cpp,585,86,4,4,race,access,"This usually indicates a security flaw.  If an attacker can change anything along the path between the call to access() and the file's actual use (e.g., by moving files), the attacker can exploit the race condition (CWE-362/CWE-367!).","Set up the correct permissions (e.g., using setuid()) and try to open the file directly.",,CWE-362/CWE-367!,"    bool Key::Initialize(HKEY key, const std::wstring& subKey, DWORD options, REGSAM access, bool ignoreErrorIfDoesNotExist)",2bde4b0aee409977bc89782135d4725e552960ed8930596deceaedbaa9aaebe3,2.0.19,FF1030,https://cwe.mitre.org/data/definitions/362.htmlhttps://cwe.mitre.org/data/definitions/367.html
./winget-cli/src/AppInstallerSharedLib/Registry.cpp,587,20,4,4,race,access,"This usually indicates a security flaw.  If an attacker can change anything along the path between the call to access() and the file's actual use (e.g., by moving files), the attacker can exploit the race condition (CWE-362/CWE-367!).","Set up the correct permissions (e.g., using setuid()) and try to open the file directly.",,CWE-362/CWE-367!,        m_access = access;,dd53ef672a95b28aa09918b7ee55143818acd7b937cac5b0d55f6ed71a374a59,2.0.19,FF1030,https://cwe.mitre.org/data/definitions/362.htmlhttps://cwe.mitre.org/data/definitions/367.html
./winget-cli/src/AppInstallerSharedLib/Registry.cpp,588,70,4,4,race,access,"This usually indicates a security flaw.  If an attacker can change anything along the path between the call to access() and the file's actual use (e.g., by moving files), the attacker can exploit the race condition (CWE-362/CWE-367!).","Set up the correct permissions (e.g., using setuid()) and try to open the file directly.",,CWE-362/CWE-367!,"        LSTATUS status = RegOpenKeyExW(key, subKey.c_str(), options, access, &m_key);",c4746f526ca1caa4d88ed9cb1155a575b99c1e34692ee97c11dd616e5534388a,2.0.19,FF1030,https://cwe.mitre.org/data/definitions/362.htmlhttps://cwe.mitre.org/data/definitions/367.html
./winget-cli/src/AppInstallerSharedLib/Security.cpp,54,41,4,4,access,RpcImpersonateClient,"If this call fails, the program could fail to drop heightened privileges (CWE-250).","Make sure the return value is checked, and do not continue if a failure is reported.",,CWE-250,                    RPC_STATUS status = RpcImpersonateClient(nullptr);,16b466ffb9318933cfb84a599cb622abc995a2e050b37ac216ad9f2dfabaeeed,2.0.19,FF1056,https://cwe.mitre.org/data/definitions/250.html
./winget-cli/src/SfsClient/sfs-client/client/src/details/ReportingHandler.h,65,13,4,4,format,snprintf,"If format strings can be influenced by an attacker, they can be exploited, and note that sprintf variations do not always \0-terminate (CWE-134).",Use a constant for the format specification.,,CWE-134,"            snprintf(message, MAX_LOG_MESSAGE_SIZE, format, args...);",70e2e5afb208f3787b0b556f7ab89a73c550f73ed0d938795e19cc1c1b515ced,2.0.19,FF1019,https://cwe.mitre.org/data/definitions/134.html
./winget-cli/src/AppInstallerCLITests/TestCommon.cpp,19,13,3,3,random,srand,This function is not sufficiently random for security-related functions such as key and nonce creation (CWE-327).,Use a more secure technique for acquiring random values.,,CWE-327,            srand(static_cast<unsigned int>(time(NULL)));,0fab72e5297d6fb3ddf882a416e708831472708845b4efe74a8d92020c8d4b99,2.0.19,FF1048,https://cwe.mitre.org/data/definitions/327.html
./winget-cli/src/AppInstallerRepositoryCore/IconExtraction.cpp,112,26,3,3,misc,LoadLibraryEx,"Ensure that the full path to the library is specified, or current directory may be used (CWE-829, CWE-20).",Use a flag like LOAD_LIBRARY_SEARCH_SYSTEM32 or LOAD_LIBRARY_SEARCH_APPLICATION_DIR to search only desired folders.,,"CWE-829, CWE-20","            module.reset(LoadLibraryEx(binaryPath.c_str(), nullptr, LOAD_LIBRARY_AS_DATAFILE | LOAD_LIBRARY_AS_IMAGE_RESOURCE));",e574a36d3b4fd22628b0eb0e1f0e5295236bce327e61987d5681140fda600907,2.0.19,FF1059,https://cwe.mitre.org/data/definitions/829.html
./winget-cli/src/SfsClient/sfs-client/client/src/details/Env.cpp,29,37,3,3,buffer,getenv,"Environment variables are untrustable input if they can be set by an attacker.  They can have any content and length, and the same variable can be set more than once (CWE-807, CWE-20).",Check environment variables carefully before using them.,,"CWE-807, CWE-20",    if (const char* envValue = std::getenv(varName.c_str())),7ea1d8fd962a0d5aa2d8af6945000d34d3a8502c2af84c8494cd759cb5f3dba3,2.0.19,FF1053,https://cwe.mitre.org/data/definitions/807.html
./winget-cli/src/Xlang/UndockedRegFreeWinRT/src/UndockedRegFreeWinRT/UndockedRegFreeWinRT/typeresolution.h,98,13,3,3,misc,InitializeCriticalSection,Exceptions can be thrown in low-memory situations.,Use InitializeCriticalSectionAndSpinCount instead.,,,            InitializeCriticalSection(&_csCacheLock);,c358b29a2c0c961d7fc43cfa730bb67101cb645138161509c9bc4ca5ce79f957,2.0.19,FF1057,)
./winget-cli/src/AppInstallerCLICore/Commands/DebugCommand.cpp,29,13,2,2,buffer,wchar_t,"Statically-sized arrays can be improperly restricted, leading to potential overflows or other issues (CWE-119!/CWE-120).","Perform bounds checking, use functions that limit length, or ensure that the size is larger than the maximum possible length.",,CWE-119!/CWE-120,            wchar_t buffer[256];,da290096ca9d870ffca311f02667c03526debfa56bdbafd9a3f65d5e77ee4ba5,2.0.19,FF1013,https://cwe.mitre.org/data/definitions/119.html
./winget-cli/src/AppInstallerCLICore/ConfigurationSetProcessorFactoryRemoting.cpp,431,21,2,2,misc,open,"Check when opening files - can an attacker redirect it (via symlinks), force the opening of special file type (e.g., device files), move things around to create a race condition, control its ancestors, or change its contents? (CWE-362).",,,CWE-362,    completionEvent.open(completionEventName);,52c6368cc6622b603c18b5c6e74b271c295db43fb408f24ee3ec5e69c545119b,2.0.19,FF1040,https://cwe.mitre.org/data/definitions/362.html
./winget-cli/src/AppInstallerCLICore/VTSupport.cpp,68,13,2,2,buffer,char,"Statically-sized arrays can be improperly restricted, leading to potential overflows or other issues (CWE-119!/CWE-120).","Perform bounds checking, use functions that limit length, or ensure that the size is larger than the maximum possible length.",,CWE-119!/CWE-120,            char buffer[s_bufferSize];,c3f276c2de4308c105a4800e899240d5412d65ce8977ccc3f288f9a65f7daa01,2.0.19,FF1013,https://cwe.mitre.org/data/definitions/119.html
./winget-cli/src/AppInstallerCLITests/NameNormalization.cpp,24,5,2,2,buffer,char,"Statically-sized arrays can be improperly restricted, leading to potential overflows or other issues (CWE-119!/CWE-120).","Perform bounds checking, use functions that limit length, or ensure that the size is larger than the maximum possible length.",,CWE-119!/CWE-120,    char name[4096]{};,91d9c8acc00c96052f44f2740d7ff5310d1cf3e21d24daa66c69c8ed04ea0e3e,2.0.19,FF1013,https://cwe.mitre.org/data/definitions/119.html
./winget-cli/src/AppInstallerCLITests/NameNormalization.cpp,25,5,2,2,buffer,char,"Statically-sized arrays can be improperly restricted, leading to potential overflows or other issues (CWE-119!/CWE-120).","Perform bounds checking, use functions that limit length, or ensure that the size is larger than the maximum possible length.",,CWE-119!/CWE-120,    char publisher[4096]{};,85a5adbe76dcf2390869443d9522879b2ab85f2448be3a3b2150f9581f8bfda1,2.0.19,FF1013,https://cwe.mitre.org/data/definitions/119.html
./winget-cli/src/AppInstallerCLITests/NameNormalization.cpp,71,5,2,2,buffer,char,"Statically-sized arrays can be improperly restricted, leading to potential overflows or other issues (CWE-119!/CWE-120).","Perform bounds checking, use functions that limit length, or ensure that the size is larger than the maximum possible length.",,CWE-119!/CWE-120,    char name[4096]{};,91d9c8acc00c96052f44f2740d7ff5310d1cf3e21d24daa66c69c8ed04ea0e3e,2.0.19,FF1013,https://cwe.mitre.org/data/definitions/119.html
./winget-cli/src/AppInstallerCLITests/NameNormalization.cpp,72,5,2,2,buffer,char,"Statically-sized arrays can be improperly restricted, leading to potential overflows or other issues (CWE-119!/CWE-120).","Perform bounds checking, use functions that limit length, or ensure that the size is larger than the maximum possible length.",,CWE-119!/CWE-120,    char publisher[4096]{};,85a5adbe76dcf2390869443d9522879b2ab85f2448be3a3b2150f9581f8bfda1,2.0.19,FF1013,https://cwe.mitre.org/data/definitions/119.html
./winget-cli/src/AppInstallerCLITests/NameNormalization.cpp,73,5,2,2,buffer,char,"Statically-sized arrays can be improperly restricted, leading to potential overflows or other issues (CWE-119!/CWE-120).","Perform bounds checking, use functions that limit length, or ensure that the size is larger than the maximum possible length.",,CWE-119!/CWE-120,    char expectedId[4096]{};,b269eb1ef7734f8696f93762d3c07cfd925c78833d893ca57e31d4e58ef8c3d0,2.0.19,FF1013,https://cwe.mitre.org/data/definitions/119.html
./winget-cli/src/AppInstallerCLITests/Registry.cpp,166,5,2,2,buffer,wchar_t,"Statically-sized arrays can be improperly restricted, leading to potential overflows or other issues (CWE-119!/CWE-120).","Perform bounds checking, use functions that limit length, or ensure that the size is larger than the maximum possible length.",,CWE-119!/CWE-120,    wchar_t buffer[MAX_PATH];,d2d6ebf4b054f006613334e4ac12230b1aea6d7f4bf1f5265f5e2b1f42b21fd0,2.0.19,FF1013,https://cwe.mitre.org/data/definitions/119.html
./winget-cli/src/AppInstallerCLITests/Strings.cpp,148,5,2,2,buffer,wchar_t,"Statically-sized arrays can be improperly restricted, leading to potential overflows or other issues (CWE-119!/CWE-120).","Perform bounds checking, use functions that limit length, or ensure that the size is larger than the maximum possible length.",,CWE-119!/CWE-120,    wchar_t buffer[MAX_PATH];,d2d6ebf4b054f006613334e4ac12230b1aea6d7f4bf1f5265f5e2b1f42b21fd0,2.0.19,FF1013,https://cwe.mitre.org/data/definitions/119.html
./winget-cli/src/AppInstallerCLITests/TestCommon.cpp,210,9,2,2,buffer,wchar_t,"Statically-sized arrays can be improperly restricted, leading to potential overflows or other issues (CWE-119!/CWE-120).","Perform bounds checking, use functions that limit length, or ensure that the size is larger than the maximum possible length.",,CWE-119!/CWE-120,        wchar_t nameBuffer[256];,59ace17b0ddd164a3578427fa43539750eeaafc14e5225fbae025646fb043a38,2.0.19,FF1013,https://cwe.mitre.org/data/definitions/119.html
./winget-cli/src/AppInstallerCLITests/TestSource.h,151,97,2,2,misc,open,"Check when opening files - can an attacker redirect it (via symlinks), force the opening of special file type (e.g., device files), move things around to create a race condition, control its ancestors, or change its contents? (CWE-362).",,,CWE-362,"        TestSourceReference(const AppInstaller::Repository::SourceDetails& details, OpenFunctor open) : m_details(details), m_onOpen(open) {}",19c7cf148f6c16532341ffb4ee7ba7db4ebdf8c4f9bdedc48db3a6c86dc20868,2.0.19,FF1040,https://cwe.mitre.org/data/definitions/362.html
./winget-cli/src/AppInstallerCLITests/TestSource.h,151,134,2,2,misc,open,"Check when opening files - can an attacker redirect it (via symlinks), force the opening of special file type (e.g., device files), move things around to create a race condition, control its ancestors, or change its contents? (CWE-362).",,,CWE-362,"        TestSourceReference(const AppInstaller::Repository::SourceDetails& details, OpenFunctor open) : m_details(details), m_onOpen(open) {}",19c7cf148f6c16532341ffb4ee7ba7db4ebdf8c4f9bdedc48db3a6c86dc20868,2.0.19,FF1040,https://cwe.mitre.org/data/definitions/362.html
./winget-cli/src/AppInstallerCLITests/TestSource.h,152,113,2,2,misc,open,"Check when opening files - can an attacker redirect it (via symlinks), force the opening of special file type (e.g., device files), move things around to create a race condition, control its ancestors, or change its contents? (CWE-362).",,,CWE-362,"        TestSourceReference(const AppInstaller::Repository::SourceDetails& details, OpenFunctorWithCustomHeader open) : m_details(details), m_onOpenWithCustomHeader(open) {}",60abb27b52c71ecacf96579231fd710e2e5e4191698c7abd6d4a252e2da98e41,2.0.19,FF1040,https://cwe.mitre.org/data/definitions/362.html
./winget-cli/src/AppInstallerCLITests/TestSource.h,152,166,2,2,misc,open,"Check when opening files - can an attacker redirect it (via symlinks), force the opening of special file type (e.g., device files), move things around to create a race condition, control its ancestors, or change its contents? (CWE-362).",,,CWE-362,"        TestSourceReference(const AppInstaller::Repository::SourceDetails& details, OpenFunctorWithCustomHeader open) : m_details(details), m_onOpenWithCustomHeader(open) {}",60abb27b52c71ecacf96579231fd710e2e5e4191698c7abd6d4a252e2da98e41,2.0.19,FF1040,https://cwe.mitre.org/data/definitions/362.html
./winget-cli/src/AppInstallerCLITests/TestSource.h,191,39,2,2,misc,open,"Check when opening files - can an attacker redirect it (via symlinks), force the opening of special file type (e.g., device files), move things around to create a race condition, control its ancestors, or change its contents? (CWE-362).",,,CWE-362,        TestSourceFactory(OpenFunctor open) : OnOpen(std::move(open)) {},fea68b8c21afd99d01e5a331a2c8410c4be5c84ef2c09e83956518bf898c0259,2.0.19,FF1040,https://cwe.mitre.org/data/definitions/362.html
./winget-cli/src/AppInstallerCLITests/TestSource.h,191,64,2,2,misc,open,"Check when opening files - can an attacker redirect it (via symlinks), force the opening of special file type (e.g., device files), move things around to create a race condition, control its ancestors, or change its contents? (CWE-362).",,,CWE-362,        TestSourceFactory(OpenFunctor open) : OnOpen(std::move(open)) {},fea68b8c21afd99d01e5a331a2c8410c4be5c84ef2c09e83956518bf898c0259,2.0.19,FF1040,https://cwe.mitre.org/data/definitions/362.html
./winget-cli/src/AppInstallerCLITests/TestSource.h,192,55,2,2,misc,open,"Check when opening files - can an attacker redirect it (via symlinks), force the opening of special file type (e.g., device files), move things around to create a race condition, control its ancestors, or change its contents? (CWE-362).",,,CWE-362,        TestSourceFactory(OpenFunctorWithCustomHeader open) : OnOpenWithCustomHeader(std::move(open)) {},4766a6d06ed5038d56b30fe8f016f11c89dfdba3f43e9bd8a6d4e619f8c9eff2,2.0.19,FF1040,https://cwe.mitre.org/data/definitions/362.html
./winget-cli/src/AppInstallerCLITests/TestSource.h,192,96,2,2,misc,open,"Check when opening files - can an attacker redirect it (via symlinks), force the opening of special file type (e.g., device files), move things around to create a race condition, control its ancestors, or change its contents? (CWE-362).",,,CWE-362,        TestSourceFactory(OpenFunctorWithCustomHeader open) : OnOpenWithCustomHeader(std::move(open)) {},4766a6d06ed5038d56b30fe8f016f11c89dfdba3f43e9bd8a6d4e619f8c9eff2,2.0.19,FF1040,https://cwe.mitre.org/data/definitions/362.html
./winget-cli/src/AppInstallerCLITests/main.cpp,119,9,2,2,buffer,wchar_t,"Statically-sized arrays can be improperly restricted, leading to potential overflows or other issues (CWE-119!/CWE-120).","Perform bounds checking, use functions that limit length, or ensure that the size is larger than the maximum possible length.",,CWE-119!/CWE-120,        wchar_t fullFileName[1024];,d7cafcd6bc43db811c217dda1cb1ab9f6cec728e10a220fc1ad34928aa4a407c,2.0.19,FF1013,https://cwe.mitre.org/data/definitions/119.html
./winget-cli/src/AppInstallerCommonCore/AppInstallerTelemetry.cpp,223,13,2,2,buffer,wchar_t,"Statically-sized arrays can be improperly restricted, leading to potential overflows or other issues (CWE-119!/CWE-120).","Perform bounds checking, use functions that limit length, or ensure that the size is larger than the maximum possible length.",,CWE-119!/CWE-120,            wchar_t message[2048];,0f05d43c68133b7bee8ee00ab432bb28085bad75255824f94a5c2f48a7d10b10,2.0.19,FF1013,https://cwe.mitre.org/data/definitions/119.html
./winget-cli/src/AppInstallerCommonCore/Runtime.cpp,63,13,2,2,buffer,wchar_t,"Statically-sized arrays can be improperly restricted, leading to potential overflows or other issues (CWE-119!/CWE-120).","Perform bounds checking, use functions that limit length, or ensure that the size is larger than the maximum possible length.",,CWE-119!/CWE-120,            wchar_t packageFullName[PACKAGE_FULL_NAME_MAX_LENGTH + 1];,7f3abb258557414323cdf0719a2693bf118845cfbdd6ec7d0e7eb6bac2bf8616,2.0.19,FF1013,https://cwe.mitre.org/data/definitions/119.html
./winget-cli/src/AppInstallerCommonCore/Runtime.cpp,135,17,2,2,buffer,wchar_t,"Statically-sized arrays can be improperly restricted, leading to potential overflows or other issues (CWE-119!/CWE-120).","Perform bounds checking, use functions that limit length, or ensure that the size is larger than the maximum possible length.",,CWE-119!/CWE-120,                wchar_t tempPath[MAX_PATH + 1];,38b3a869c41d0b89e8b1781eacfc61fc7755becdc223f11176c11af98e29dda6,2.0.19,FF1013,https://cwe.mitre.org/data/definitions/119.html
./winget-cli/src/AppInstallerSharedLib/AppInstallerLogging.cpp,210,9,2,2,buffer,wchar_t,"Statically-sized arrays can be improperly restricted, leading to potential overflows or other issues (CWE-119!/CWE-120).","Perform bounds checking, use functions that limit length, or ensure that the size is larger than the maximum possible length.",,CWE-119!/CWE-120,        wchar_t buffer[256];,da290096ca9d870ffca311f02667c03526debfa56bdbafd9a3f65d5e77ee4ba5,2.0.19,FF1013,https://cwe.mitre.org/data/definitions/119.html
./winget-cli/src/AppInstallerSharedLib/AppInstallerStrings.cpp,204,30,2,2,buffer,MultiByteToWideChar,"Requires maximum length in CHARACTERS, not bytes (CWE-120).",,,CWE-120,"        int utf16CharCount = MultiByteToWideChar(codePage, 0, input.data(), wil::safe_cast<int>(input.length()), nullptr, 0);",ab6da7ff1ac46c7cb8cce5de77fd00bb1138dea622a42711ee4d1ddd6955fc88,2.0.19,FF1023,https://cwe.mitre.org/data/definitions/120.html
./winget-cli/src/AppInstallerSharedLib/AppInstallerStrings.cpp,211,33,2,2,buffer,MultiByteToWideChar,"Requires maximum length in CHARACTERS, not bytes (CWE-120).",,,CWE-120,"        int utf16CharsWritten = MultiByteToWideChar(codePage, 0, input.data(), wil::safe_cast<int>(input.length()), &result[0], wil::safe_cast<int>(result.size()));",110d1f94385720a610b337c8342e84f60995cbbb6b8db077a36cd896cd113a87,2.0.19,FF1023,https://cwe.mitre.org/data/definitions/120.html
./winget-cli/src/AppInstallerSharedLib/AppInstallerStrings.cpp,224,30,2,2,buffer,MultiByteToWideChar,"Requires maximum length in CHARACTERS, not bytes (CWE-120).",,,CWE-120,"        int utf16CharCount = MultiByteToWideChar(codePage, 0, input.data(), wil::safe_cast<int>(input.length()), nullptr, 0);",ab6da7ff1ac46c7cb8cce5de77fd00bb1138dea622a42711ee4d1ddd6955fc88,2.0.19,FF1023,https://cwe.mitre.org/data/definitions/120.html
./winget-cli/src/AppInstallerSharedLib/AppInstallerStrings.cpp,234,33,2,2,buffer,MultiByteToWideChar,"Requires maximum length in CHARACTERS, not bytes (CWE-120).",,,CWE-120,"        int utf16CharsWritten = MultiByteToWideChar(codePage, 0, input.data(), wil::safe_cast<int>(input.length()), &result[0], wil::safe_cast<int>(result.size()));",110d1f94385720a610b337c8342e84f60995cbbb6b8db077a36cd896cd113a87,2.0.19,FF1023,https://cwe.mitre.org/data/definitions/120.html
./winget-cli/src/AppInstallerSharedLib/Certificates.cpp,602,13,2,2,buffer,wchar_t,"Statically-sized arrays can be improperly restricted, leading to potential overflows or other issues (CWE-119!/CWE-120).","Perform bounds checking, use functions that limit length, or ensure that the size is larger than the maximum possible length.",,CWE-119!/CWE-120,            wchar_t identifierBuffer[256] = {};,7264912f7ec66b0ce20f9b45ef366c6c9f7ef86d09aa02323fe95726f497995f,2.0.19,FF1013,https://cwe.mitre.org/data/definitions/119.html
./winget-cli/src/AppInstallerSharedLib/Filesystem.cpp,86,9,2,2,buffer,wchar_t,"Statically-sized arrays can be improperly restricted, leading to potential overflows or other issues (CWE-119!/CWE-120).","Perform bounds checking, use functions that limit length, or ensure that the size is larger than the maximum possible length.",,CWE-119!/CWE-120,        wchar_t fileSystemName[MAX_PATH];,e35b18e49c56f59804c2799021bffa3bfc5b616d00fb5e2f1c187ccf791694ca,2.0.19,FF1013,https://cwe.mitre.org/data/definitions/119.html
./winget-cli/src/AppInstallerSharedLib/ICU/SQLiteICU.c,58,5,2,2,buffer,char,"Statically-sized arrays can be improperly restricted, leading to potential overflows or other issues (CWE-119!/CWE-120).","Perform bounds checking, use functions that limit length, or ensure that the size is larger than the maximum possible length.",,CWE-119!/CWE-120,    char zBuf[128];,1bb614a57f9225f1a328913c2eb77880aef61204b1f524c2813af299f3cffa89,2.0.19,FF1013,https://cwe.mitre.org/data/definitions/119.html
./winget-cli/src/AppInstallerSharedLib/SQLiteTempTable.cpp,17,9,2,2,buffer,wchar_t,"Statically-sized arrays can be improperly restricted, leading to potential overflows or other issues (CWE-119!/CWE-120).","Perform bounds checking, use functions that limit length, or ensure that the size is larger than the maximum possible length.",,CWE-119!/CWE-120,        wchar_t guidAsString[MAX_PATH];,55910b6640bdc93369e33e467235a29dc12300a00f404b89efb6513ee86d4f7d,2.0.19,FF1013,https://cwe.mitre.org/data/definitions/119.html
./winget-cli/src/AppInstallerSharedLib/YamlWrapper.cpp,346,19,2,2,buffer,char,"Statically-sized arrays can be improperly restricted, leading to potential overflows or other issues (CWE-119!/CWE-120).","Perform bounds checking, use functions that limit length, or ensure that the size is larger than the maximum possible length.",,CWE-119!/CWE-120,"        constexpr char c_utf16LEBOM[2] = { static_cast<char>(0xFF), static_cast<char>(0xFE) };",abe2403fb4ef0cfbef04a8eb6bf31d0f77adf3b6f303e865f58b7e7504e2139b,2.0.19,FF1013,https://cwe.mitre.org/data/definitions/119.html
./winget-cli/src/AppInstallerSharedLib/YamlWrapper.cpp,347,19,2,2,buffer,char,"Statically-sized arrays can be improperly restricted, leading to potential overflows or other issues (CWE-119!/CWE-120).","Perform bounds checking, use functions that limit length, or ensure that the size is larger than the maximum possible length.",,CWE-119!/CWE-120,"        constexpr char c_utf16BEBOM[2] = { static_cast<char>(0xFE), static_cast<char>(0xFF) };",73223aa0b772c63b986e59623c11f504d42655da57f09999247c402eeca2ed79,2.0.19,FF1013,https://cwe.mitre.org/data/definitions/119.html
./winget-cli/src/AppInstallerSharedLib/YamlWrapper.cpp,348,19,2,2,buffer,char,"Statically-sized arrays can be improperly restricted, leading to potential overflows or other issues (CWE-119!/CWE-120).","Perform bounds checking, use functions that limit length, or ensure that the size is larger than the maximum possible length.",,CWE-119!/CWE-120,"        constexpr char c_utf8BOM[3] = { static_cast<char>(0xEF), static_cast<char>(0xBB), static_cast<char>(0xBF) };",969f671ba63c33de66dee812e3d826bd3f62d328fe3c929201d945b3f93c879f,2.0.19,FF1013,https://cwe.mitre.org/data/definitions/119.html
./winget-cli/src/AppInstallerSharedLib/YamlWrapper.cpp,399,23,2,2,buffer,MultiByteToWideChar,"Requires maximum length in CHARACTERS, not bytes (CWE-120).",,,CWE-120,        UINT nChars = MultiByteToWideChar(,e1189a943240db092e53a5ad2481a57a12a069a464f3e477643a0ca7917420c0,2.0.19,FF1023,https://cwe.mitre.org/data/definitions/120.html
./winget-cli/src/Microsoft.Management.Configuration/ConfigurationProcessor.cpp,104,21,2,2,buffer,wchar_t,"Statically-sized arrays can be improperly restricted, leading to potential overflows or other issues (CWE-119!/CWE-120).","Perform bounds checking, use functions that limit length, or ensure that the size is larger than the maximum possible length.",,CWE-119!/CWE-120,                    wchar_t message[2048];,0f05d43c68133b7bee8ee00ab432bb28085bad75255824f94a5c2f48a7d10b10,2.0.19,FF1013,https://cwe.mitre.org/data/definitions/119.html
./winget-cli/src/SfsClient/sfs-client/client/src/details/ReportingHandler.h,64,13,2,2,buffer,char,"Statically-sized arrays can be improperly restricted, leading to potential overflows or other issues (CWE-119!/CWE-120).","Perform bounds checking, use functions that limit length, or ensure that the size is larger than the maximum possible length.",,CWE-119!/CWE-120,            char message[MAX_LOG_MESSAGE_SIZE];,fd2b87acf179838c961af270a05ad7b4f1f3d58f5be53e6cf9a6823a7a18a61e,2.0.19,FF1013,https://cwe.mitre.org/data/definitions/119.html
./winget-cli/src/SfsClient/sfs-client/client/src/details/connection/CurlConnection.cpp,101,5,2,2,buffer,char,"Statically-sized arrays can be improperly restricted, leading to potential overflows or other issues (CWE-119!/CWE-120).","Perform bounds checking, use functions that limit length, or ensure that the size is larger than the maximum possible length.",,CWE-119!/CWE-120,    char m_errorBuffer[CURL_ERROR_SIZE];,8d1b66c908012e22c17d5d08a16a38cd826b1ba15b789b2b24a27804b537c6e8,2.0.19,FF1013,https://cwe.mitre.org/data/definitions/119.html
./winget-cli/src/Xlang/UndockedRegFreeWinRT/src/UndockedRegFreeWinRT/UndockedRegFreeWinRT/catalog.cpp,352,5,2,2,buffer,wchar_t,"Statically-sized arrays can be improperly restricted, leading to potential overflows or other issues (CWE-119!/CWE-120).","Perform bounds checking, use functions that limit length, or ensure that the size is larger than the maximum possible length.",,CWE-119!/CWE-120,    wchar_t folderPrefix[9];,66265e4f755b4a0938929be3165119d89427eb48080181deda8be5b8ff4444c3,2.0.19,FF1013,https://cwe.mitre.org/data/definitions/119.html
./winget-cli/src/Xlang/UndockedRegFreeWinRT/src/UndockedRegFreeWinRT/UndockedRegFreeWinRT/typeresolution.cpp,132,13,2,2,buffer,wchar_t,"Statically-sized arrays can be improperly restricted, leading to potential overflows or other issues (CWE-119!/CWE-120).","Perform bounds checking, use functions that limit length, or ensure that the size is larger than the maximum possible length.",,CWE-119!/CWE-120,            wchar_t pszRetrievedName[g_uiMaxTypeName];,31b6da43da1fd9d214c0e749a97c494a49c8aad20083beeb8b5be9d723d2f9af,2.0.19,FF1013,https://cwe.mitre.org/data/definitions/119.html
./winget-cli/src/Xlang/UndockedRegFreeWinRT/src/UndockedRegFreeWinRT/UndockedRegFreeWinRT/typeresolution.cpp,265,9,2,2,buffer,wchar_t,"Statically-sized arrays can be improperly restricted, leading to potential overflows or other issues (CWE-119!/CWE-120).","Perform bounds checking, use functions that limit length, or ensure that the size is larger than the maximum possible length.",,CWE-119!/CWE-120,        wchar_t szCandidateFilePath[MAX_PATH + 1] = { 0 };,f1c7ed598fd5f527e8176719b2e3dee1188cb4971c3c29557c62a750cc005dd8,2.0.19,FF1013,https://cwe.mitre.org/data/definitions/119.html
./winget-cli/src/Xlang/UndockedRegFreeWinRT/src/UndockedRegFreeWinRT/UndockedRegFreeWinRT/typeresolution.cpp,266,9,2,2,buffer,wchar_t,"Statically-sized arrays can be improperly restricted, leading to potential overflows or other issues (CWE-119!/CWE-120).","Perform bounds checking, use functions that limit length, or ensure that the size is larger than the maximum possible length.",,CWE-119!/CWE-120,        wchar_t szCandidateFileName[MAX_PATH + 1] = { 0 };,1727b4f06ec2882798e8e024a32bdb5adae4f39738d1f2f5e5b5941250189aea,2.0.19,FF1013,https://cwe.mitre.org/data/definitions/119.html
./winget-cli/src/Xlang/UndockedRegFreeWinRT/src/UndockedRegFreeWinRT/UndockedRegFreeWinRT/typeresolution.cpp,328,17,2,2,buffer,wchar_t,"Statically-sized arrays can be improperly restricted, leading to potential overflows or other issues (CWE-119!/CWE-120).","Perform bounds checking, use functions that limit length, or ensure that the size is larger than the maximum possible length.",,CWE-119!/CWE-120,                wchar_t szFilePathSearchTemplate[MAX_PATH + 1] = { 0 };,a79747ababab56b408103eebec3ad483637eed522b4cbbd3f6d52121eeeaab83,2.0.19,FF1013,https://cwe.mitre.org/data/definitions/119.html
./winget-cli/src/Xlang/UndockedRegFreeWinRT/src/UndockedRegFreeWinRT/UndockedRegFreeWinRT/typeresolution.cpp,430,9,2,2,buffer,wchar_t,"Statically-sized arrays can be improperly restricted, leading to potential overflows or other issues (CWE-119!/CWE-120).","Perform bounds checking, use functions that limit length, or ensure that the size is larger than the maximum possible length.",,CWE-119!/CWE-120,        wchar_t pszPackagePath[MAX_PATH + 1];,db1e5ef185200f4677a68bc852a15d1da22e2e1e81214f2530c117c5838448b8,2.0.19,FF1013,https://cwe.mitre.org/data/definitions/119.html
./winget-cli/tools/CorrelationTestbed/InstallAndCheckCorrelation/InstallAndCheckCorrelation/InstallAndCheckCorrelation.cpp,114,26,2,2,buffer,MultiByteToWideChar,"Requires maximum length in CHARACTERS, not bytes (CWE-120).",,,CWE-120,"    int utf16CharCount = MultiByteToWideChar(codePage, 0, input.data(), wil::safe_cast<int>(input.length()), nullptr, 0);",ab6da7ff1ac46c7cb8cce5de77fd00bb1138dea622a42711ee4d1ddd6955fc88,2.0.19,FF1023,https://cwe.mitre.org/data/definitions/120.html
./winget-cli/tools/CorrelationTestbed/InstallAndCheckCorrelation/InstallAndCheckCorrelation/InstallAndCheckCorrelation.cpp,121,29,2,2,buffer,MultiByteToWideChar,"Requires maximum length in CHARACTERS, not bytes (CWE-120).",,,CWE-120,"    int utf16CharsWritten = MultiByteToWideChar(codePage, 0, input.data(), wil::safe_cast<int>(input.length()), &result[0], wil::safe_cast<int>(result.size()));",110d1f94385720a610b337c8342e84f60995cbbb6b8db077a36cd896cd113a87,2.0.19,FF1023,https://cwe.mitre.org/data/definitions/120.html
./winget-cli/tools/CorrelationTestbed/InstallAndCheckCorrelation/InstallAndCheckCorrelation/InstallAndCheckCorrelation.cpp,210,22,2,2,misc,open,"Check when opening files - can an attacker redirect it (via symlinks), force the opening of special file type (e.g., device files), move things around to create a race condition, control its ancestors, or change its contents? (CWE-362).",,,CWE-362,        outputStream.open(outputPath);,d7e0086adea135e15b059b3ff0193507f4a71fae370e21272a9f4405250493a5,2.0.19,FF1040,https://cwe.mitre.org/data/definitions/362.html
./winget-cli/src/AppInstallerCLICore/Workflows/DownloadFlow.cpp,545,19,1,1,buffer,equal,Function does not check the second iterator for over-read conditions (CWE-126).,This function is often discouraged by most C++ coding standards in favor of its safer alternatives provided since C++14. Consider using a form of this function that checks the second iterator before potentially overflowing it.,,CWE-126,        if (!std::equal(,ecf99d619c3c48476af4be69a06c781d2306ada321ff0b5a5df2b8f718c3acd1,2.0.19,FF1071,https://cwe.mitre.org/data/definitions/126.html
./winget-cli/src/AppInstallerCLICore/Workflows/MSStoreInstallerHandler.cpp,105,26,1,1,buffer,equal,Function does not check the second iterator for over-read conditions (CWE-126).,This function is often discouraged by most C++ coding standards in favor of its safer alternatives provided since C++14. Consider using a form of this function that checks the second iterator before potentially overflowing it.,,CWE-126,"                if (std::equal(hashPair.first.begin(), hashPair.first.end(), hashPair.second.Sha256Hash.begin()))",502a2e2fbe0702e9ab3d4720efc4c099e908c4a14d1ac8857e372539d1061fe4,2.0.19,FF1071,https://cwe.mitre.org/data/definitions/126.html
./winget-cli/src/AppInstallerCLITests/Downloader.cpp,26,18,1,1,buffer,equal,Function does not check the second iterator for over-read conditions (CWE-126).,This function is often discouraged by most C++ coding standards in favor of its safer alternatives provided since C++14. Consider using a form of this function that checks the second iterator before potentially overflowing it.,,CWE-126,    REQUIRE(std::equal(,4c4412c23857b0dcbf2b897e2536c800cd4b9131c6792dfc9338d0dc0d495ef6,2.0.19,FF1071,https://cwe.mitre.org/data/definitions/126.html
./winget-cli/src/AppInstallerCLITests/Downloader.cpp,109,100,1,1,buffer,read,"Check buffer boundaries if used in a loop including recursive loops (CWE-120, CWE-20).",,,"CWE-120, CWE-20","    REQUIRE(stream->Read(buffer.get(), static_cast<ULONG>(HttpStream::HttpLocalCache::PAGE_SIZE), &read) >= S_OK);",bf7f7f9afd5fbc3b924558fb9948e1f1a6aaa8dcf0829a2b7834ab27a182f6d3,2.0.19,FF1029,https://cwe.mitre.org/data/definitions/120.html
./winget-cli/src/AppInstallerCLITests/SQLiteIndex.cpp,3047,22,1,1,buffer,equal,Function does not check the second iterator for over-read conditions (CWE-126).,This function is often discouraged by most C++ coding standards in favor of its safer alternatives provided since C++14. Consider using a form of this function that checks the second iterator before potentially overflowing it.,,CWE-126,"        REQUIRE(std::equal(hash.begin(), hash.end(), hashResultBytes.begin()));",0e1396da5d641fe116875872f1e465b5b80a8ae8a1940c0b3ee94ddab519e7b7,2.0.19,FF1071,https://cwe.mitre.org/data/definitions/126.html
./winget-cli/src/AppInstallerCLITests/Strings.cpp,243,18,1,1,buffer,equal,Function does not check the second iterator for over-read conditions (CWE-126).,This function is often discouraged by most C++ coding standards in favor of its safer alternatives provided since C++14. Consider using a form of this function that checks the second iterator before potentially overflowing it.,,CWE-126,"    REQUIRE(std::equal(buffer.begin(), buffer.end(), ParseFromHexString(value).begin()));",306ed329f7c824921570fefe026892ed35b889ffa8661757715e53d58228d605,2.0.19,FF1071,https://cwe.mitre.org/data/definitions/126.html
./winget-cli/src/AppInstallerCLITests/YamlManifest.cpp,763,18,1,1,buffer,equal,Function does not check the second iterator for over-read conditions (CWE-126).,This function is often discouraged by most C++ coding standards in favor of its safer alternatives provided since C++14. Consider using a form of this function that checks the second iterator before potentially overflowing it.,,CWE-126,"    REQUIRE(std::equal(manifestHash.begin(), manifestHash.end(), manifest.StreamSha256.begin()));",056d90b74eed0293fc6f3ab1d4057edb70a1829eeed84daf7834598531d0f8da,2.0.19,FF1071,https://cwe.mitre.org/data/definitions/126.html
./winget-cli/src/AppInstallerCommonCore/MsixInfo.cpp,609,49,1,1,buffer,equal,Function does not check the second iterator for over-read conditions (CWE-126).,This function is often discouraged by most C++ coding standards in favor of its safer alternatives provided since C++14. Consider using a form of this function that checks the second iterator before potentially overflowing it.,,CWE-126,"            THROW_HR_IF_MSG(E_UNEXPECTED, !std::equal(P7xFileId, P7xFileId + P7xFileIdSize, headerBuffer), ""Unexpected msix signature header"");",180ec2d7850cb9d418a5c8f8a15bba640d20b7b4a7640f27741801ca84bb3fcc,2.0.19,FF1071,https://cwe.mitre.org/data/definitions/126.html
./winget-cli/src/AppInstallerCommonCore/UserSettings.cpp,109,54,1,1,buffer,read,"Check buffer boundaries if used in a loop including recursive loops (CWE-120, CWE-20).",,,"CWE-120, CWE-20","                AICLI_LOG(Core, Error, << ""Failed to read "" << setting.Name << ""; Reason: "" << e.what());",58d03b3da155d0a7784bfdea006b5bd7308222c20f00b2ed3bc56381b9a9007c,2.0.19,FF1029,https://cwe.mitre.org/data/definitions/120.html
./winget-cli/src/AppInstallerCommonCore/UserSettings.cpp,113,54,1,1,buffer,read,"Check buffer boundaries if used in a loop including recursive loops (CWE-120, CWE-20).",,,"CWE-120, CWE-20","                AICLI_LOG(Core, Error, << ""Failed to read "" << setting.Name << ""; Reason unknown."");",429113d6ebf837b3f6577ad861b18ed264ce68fe84ba1455cb817946267f688d,2.0.19,FF1029,https://cwe.mitre.org/data/definitions/120.html
./winget-cli/src/AppInstallerRepositoryCore/Microsoft/Schema/1_3/Interface_1_3.cpp,65,23,1,1,buffer,equal,Function does not check the second iterator for over-read conditions (CWE-126).,This function is often discouraged by most C++ coding standards in favor of its safer alternatives provided since C++14. Consider using a form of this function that checks the second iterator before potentially overflowing it.,,CWE-126,"                !std::equal(currentHash.begin(), currentHash.end(), manifest.StreamSha256.begin()))",0a18ee42c9e98fa51a7961482a2356926ac5e072bfd70f7ba3799c8bb9dcee0a,2.0.19,FF1071,https://cwe.mitre.org/data/definitions/126.html
./winget-cli/src/AppInstallerSharedLib/AppInstallerStrings.cpp,643,16,1,1,buffer,read,"Check buffer boundaries if used in a loop including recursive loops (CWE-120, CWE-20).",,,"CWE-120, CWE-20","        stream.read(&result[0], offset);",62fa7459cc1d76f53a9fe4d76c90269d8988c990f5b5135210770b3305e05799,2.0.19,FF1029,https://cwe.mitre.org/data/definitions/120.html
./winget-cli/src/AppInstallerSharedLib/AppInstallerStrings.cpp,660,16,1,1,buffer,read,"Check buffer boundaries if used in a loop including recursive loops (CWE-120, CWE-20).",,,"CWE-120, CWE-20","        stream.read(reinterpret_cast<char*>(result.data()), offset);",8398cf550a59e6a029786cff8a775ac74f4c9f7e43ae4be5b118170321225f5e,2.0.19,FF1029,https://cwe.mitre.org/data/definitions/120.html
./winget-cli/src/AppInstallerSharedLib/Certificates.cpp,625,18,1,1,buffer,equal,Function does not check the second iterator for over-read conditions (CWE-126).,This function is often discouraged by most C++ coding standards in favor of its safer alternatives provided since C++14. Consider using a form of this function that checks the second iterator before potentially overflowing it.,,CWE-126,"            std::equal(encodedBegin, encodedEnd, m_cachedCertificate.begin()))",12bac438ac923fdbd43994830240ec68b3d1582b2fef39c489271f3c5e8f0169,2.0.19,FF1071,https://cwe.mitre.org/data/definitions/126.html
./winget-cli/src/AppInstallerSharedLib/SHA256.cpp,148,16,1,1,buffer,read,"Check buffer boundaries if used in a loop including recursive loops (CWE-120, CWE-20).",,,"CWE-120, CWE-20","            in.read((char*)(buffer.get()), bufferSize);",e069ffafe1a0e1d8632115d08a219d64cc0fae7915375a76dc9901154c93b81b,2.0.19,FF1029,https://cwe.mitre.org/data/definitions/120.html
./winget-cli/src/AppInstallerSharedLib/SHA256.cpp,185,55,1,1,buffer,equal,Function does not check the second iterator for over-read conditions (CWE-126).,This function is often discouraged by most C++ coding standards in favor of its safer alternatives provided since C++14. Consider using a form of this function that checks the second iterator before potentially overflowing it.,,CWE-126,"        return (first.size() == second.size() && std::equal(first.begin(), first.end(), second.begin()));",b2b79278c650f669b601638ba0bfbaff98369ecb30e6091464b3da6be395357d,2.0.19,FF1071,https://cwe.mitre.org/data/definitions/126.html
./winget-cli/src/Xlang/UndockedRegFreeWinRT/src/UndockedRegFreeWinRT/UndockedRegFreeWinRT/catalog.cpp,157,112,1,1,buffer,strlen,Does not handle strings that are not \0-terminated; if given one it may perform an over-read (it could cause a crash if unprotected) (CWE-126).,,,CWE-126,"    xmlStream.Attach(SHCreateMemStream(reinterpret_cast<const BYTE*>(xmlStringValue.data()), static_cast<UINT>(strlen(xmlStringValue.data()) * sizeof(CHAR))));",647eda3ac6fb5bfe626ed48458b92bca221de1f9e065c4efe65c960934179e44,2.0.19,FF1022,https://cwe.mitre.org/data/definitions/126.html
./winget-cli/src/Xlang/UndockedRegFreeWinRT/src/UndockedRegFreeWinRT/UndockedRegFreeWinRT/typeresolution.cpp,31,56,1,1,buffer,wcslen,Does not handle strings that are not \0-terminated; if given one it may perform an over-read (it could cause a crash if unprotected) (CWE-126).,,,CWE-126,"        hr = PathCchRemoveFileSpec(localExePath.get(), wcslen(localExePath.get()) + 1);",423c2bb3c1752173dac5e10446dd1e99a37bf71da7818c6f6f6af8f3d32a646b,2.0.19,FF1022,https://cwe.mitre.org/data/definitions/126.html
./winget-cli/src/Xlang/UndockedRegFreeWinRT/src/UndockedRegFreeWinRT/UndockedRegFreeWinRT/typeresolution.cpp,82,56,1,1,buffer,wcslen,Does not handle strings that are not \0-terminated; if given one it may perform an over-read (it could cause a crash if unprotected) (CWE-126).,,,CWE-126,"        hr = PathCchRemoveFileSpec(localDllPath.get(), wcslen(localDllPath.get()) + 1);",69dde9e040b7f11dacef4392f151d1cab17a9567be0104a2249da9ed2baeefb5,2.0.19,FF1022,https://cwe.mitre.org/data/definitions/126.html
./winget-cli/src/Xlang/UndockedRegFreeWinRT/src/UndockedRegFreeWinRT/UndockedRegFreeWinRT/typeresolution.cpp,131,38,1,1,buffer,wcslen,Does not handle strings that are not \0-terminated; if given one it may perform an over-read (it could cause a crash if unprotected) (CWE-126).,,,CWE-126,            const size_t cFullName = wcslen(pszFullName);,28d8f1eee02117784505b09bf5e38c466748393ce9eeddb137793a6cc333947f,2.0.19,FF1022,https://cwe.mitre.org/data/definitions/126.html
./winget-cli/src/Xlang/UndockedRegFreeWinRT/src/UndockedRegFreeWinRT/UndockedRegFreeWinRT/typeresolution.cpp,226,72,1,1,buffer,wcslen,Does not handle strings that are not \0-terminated; if given one it may perform an over-read (it could cause a crash if unprotected) (CWE-126).,,,CWE-126,                            if (IsTdWindowsRuntime(dwTypeDefProps) && (wcslen(pszRetrievedName) > cFullName)),0ce6b0d79fe16ce2f44e35a5b4677f1d5baaffa60b360f5b9f4b1db0555e8a75,2.0.19,FF1022,https://cwe.mitre.org/data/definitions/126.html
./winget-cli/src/Xlang/UndockedRegFreeWinRT/src/UndockedRegFreeWinRT/UndockedRegFreeWinRT/typeresolution.cpp,308,53,1,1,buffer,wcslen,Does not handle strings that are not \0-terminated; if given one it may perform an over-read (it could cause a crash if unprotected) (CWE-126).,,,CWE-126,"                                static_cast<UINT32>(wcslen(szCandidateFilePath)),",933cf1e889e09357f2902717cb40312427f500fad1a5a91f4495b2ff9d56f36a,2.0.19,FF1022,https://cwe.mitre.org/data/definitions/126.html
./winget-cli/src/Xlang/UndockedRegFreeWinRT/src/UndockedRegFreeWinRT/UndockedRegFreeWinRT/typeresolution.h,65,25,1,1,buffer,wcslen,Does not handle strings that are not \0-terminated; if given one it may perform an over-read (it could cause a crash if unprotected) (CWE-126).,,,CWE-126,        size_t length = wcslen(pszKey);,d4ab621239b4ec1c8352f35f0a63f0c51cba4589bd1e45cbe7aba11657e9a9b7,2.0.19,FF1022,https://cwe.mitre.org/data/definitions/126.html
